time,inlet-p,outlet-p,time
0,7002980,7002980,0
1,7002980,3555600,1
2,6847103.4972449,1376856,2
3,6548787.8648653,618432,3
4,6198994.3225901,308168,4
