time,inlet-p,outlet-p,time
0,7002980,7002980,0
1,7002980,3555600,1
2,6243976.9638401,1376856,2
3,5408988.4686729,618432,3
4,4769317.5920555,308168,4
